from_id,from_login,from_name,to_id,to_login,to_name,followed_at
103262898,o_aliens,O_aliens,24687283,jorbs,jorbs,2021-02-09T10:44:46Z
168089342,ggforce_,ggforce_,24687283,jorbs,jorbs,2021-02-09T09:45:10Z
27100177,reptailus,Reptailus,24687283,jorbs,jorbs,2021-02-09T09:42:54Z
90797482,incommunicad0,Incommunicad0,24687283,jorbs,jorbs,2021-02-09T06:22:11Z
66320167,martiiiin124,Martiiiin124,24687283,jorbs,jorbs,2021-02-09T04:09:32Z
50257654,numbahwun,NumbahWun,24687283,jorbs,jorbs,2021-02-09T04:04:19Z
168154779,introverb,introverb,24687283,jorbs,jorbs,2021-02-09T04:03:18Z
190035427,jovialnugs,JovialNugs,24687283,jorbs,jorbs,2021-02-09T03:56:32Z
21559186,beatsworking,beatsworking,24687283,jorbs,jorbs,2021-02-09T03:40:02Z
467566100,secqen,secqen,24687283,jorbs,jorbs,2021-02-09T03:36:34Z
42505876,elias5891,Elias5891,24687283,jorbs,jorbs,2021-02-09T03:28:31Z
118860986,kabybby,KabyBBY,24687283,jorbs,jorbs,2021-02-09T02:54:19Z
87336613,amoracchius123,Amoracchius123,24687283,jorbs,jorbs,2021-02-09T02:49:42Z
510100552,rpg_drithe,rpg_drithe,24687283,jorbs,jorbs,2021-02-09T02:34:40Z
495927239,lordweiramon,lordweiramon,24687283,jorbs,jorbs,2021-02-09T02:34:37Z
145096357,sniksy_l_lib,Sniksy_L_Lib,24687283,jorbs,jorbs,2021-02-09T02:33:47Z
44837001,barezino,barezino,24687283,jorbs,jorbs,2021-02-09T02:31:07Z
478935284,thiosum,thiosum,24687283,jorbs,jorbs,2021-02-09T02:27:52Z
545970243,highlandrain,highlandrain,24687283,jorbs,jorbs,2021-02-09T02:26:12Z
57821103,morpheus7078,morpheus7078,24687283,jorbs,jorbs,2021-02-09T02:21:00Z
139056618,fbozz,fbozz,24687283,jorbs,jorbs,2021-02-09T02:19:18Z
3232840,futilewave,futilewave,24687283,jorbs,jorbs,2021-02-09T02:17:39Z
86113595,cow294,Cow294,24687283,jorbs,jorbs,2021-02-09T02:04:23Z
158867043,elvisprucelee,elvisprucelee,24687283,jorbs,jorbs,2021-02-09T02:01:21Z
139617510,wightfyre,wightfyre,24687283,jorbs,jorbs,2021-02-09T01:44:28Z
109653512,laaaaaaaaaag10,laaaaaaaaaag10,24687283,jorbs,jorbs,2021-02-09T01:39:51Z
162453025,yakahoshi,yakahoshi,24687283,jorbs,jorbs,2021-02-09T01:28:27Z
55705286,ryzo15000,Ryzo15000,24687283,jorbs,jorbs,2021-02-09T01:27:20Z
57255321,namenoneed00,namenoneed00 ,24687283,jorbs,jorbs,2021-02-09T01:23:26Z
206099640,summonedbruh,summonedbruh,24687283,jorbs,jorbs,2021-02-09T01:19:31Z
98080501,its_sikith,Its_sikith,24687283,jorbs,jorbs,2021-02-09T01:08:15Z
21103162,attackerbob,attackerbob,24687283,jorbs,jorbs,2021-02-09T01:07:58Z
85636116,cotterveli,cotterveli,24687283,jorbs,jorbs,2021-02-09T00:56:44Z
44620532,unremarkablefellow,unremarkablefellow,24687283,jorbs,jorbs,2021-02-09T00:43:02Z
96476320,bidlacz,bidlacz,24687283,jorbs,jorbs,2021-02-09T00:40:35Z
94398989,thetaitertot,thetaitertot,24687283,jorbs,jorbs,2021-02-09T00:35:10Z
32472677,stefek132,stefek132,24687283,jorbs,jorbs,2021-02-09T00:32:12Z
55777968,katudis,Katudis,24687283,jorbs,jorbs,2021-02-09T00:31:07Z
250601672,villainmaterial,VillainMaterial,24687283,jorbs,jorbs,2021-02-09T00:16:22Z
102044245,toiryelhsa,Toiryelhsa,24687283,jorbs,jorbs,2021-02-08T21:51:38Z
57177505,shaunzors,Shaunzors,24687283,jorbs,jorbs,2021-02-08T21:50:51Z
114409219,pieter_panda,Pieter_Panda,24687283,jorbs,jorbs,2021-02-08T21:45:33Z
52684988,oji4life,oji4life,24687283,jorbs,jorbs,2021-02-08T21:14:55Z
23997673,thetinychaos,TheTinychaos,24687283,jorbs,jorbs,2021-02-08T20:02:59Z
26620907,yookishaz,yookishaz,24687283,jorbs,jorbs,2021-02-08T19:58:40Z
148826458,nofisjolo,nofisjolo,24687283,jorbs,jorbs,2021-02-08T19:33:21Z
28547062,majorhazed,majorhazed,24687283,jorbs,jorbs,2021-02-08T19:33:17Z
113609765,saiji75,saiji75,24687283,jorbs,jorbs,2021-02-08T19:12:14Z
31020612,leflings,leflings,24687283,jorbs,jorbs,2021-02-08T18:42:51Z
226483779,voyty,Voyty,24687283,jorbs,jorbs,2021-02-08T16:44:16Z
647659336,awawaaaawaaawawa,awawaaaawaaawawa,24687283,jorbs,jorbs,2021-02-08T15:35:26Z
591745941,pswpsw123,pswpsw123,24687283,jorbs,jorbs,2021-02-08T14:45:14Z
139407577,aswroth,aswroth,24687283,jorbs,jorbs,2021-02-08T14:19:13Z
69701266,ponpondog,ponpondog,24687283,jorbs,jorbs,2021-02-08T14:05:18Z
49864498,frostbolter4,frostbolter4,24687283,jorbs,jorbs,2021-02-08T11:22:07Z
49791213,haro_keetay,Haro_keetay,24687283,jorbs,jorbs,2021-02-08T10:01:28Z
92348848,eastfarm,Eastfarm,24687283,jorbs,jorbs,2021-02-08T09:54:34Z
75507031,old_fat_furro,old_fat_furro,24687283,jorbs,jorbs,2021-02-08T09:52:20Z
128590813,hositala,hositala,24687283,jorbs,jorbs,2021-02-08T09:51:32Z
28838400,mitkin,Mitkin,24687283,jorbs,jorbs,2021-02-08T09:41:28Z
63227114,krichin_o3o,krichin_o3o,24687283,jorbs,jorbs,2021-02-08T09:19:15Z
521088249,bloodlordraven,bloodlordraven,24687283,jorbs,jorbs,2021-02-08T09:09:52Z
85785633,madisismadas,madisismadas,24687283,jorbs,jorbs,2021-02-08T09:02:50Z
161803461,relaxedroman,RelaxedRoman,24687283,jorbs,jorbs,2021-02-08T08:52:12Z
42974375,raizontr,RaizonTR,24687283,jorbs,jorbs,2021-02-08T08:34:14Z
627669187,midior2020,midior2020,24687283,jorbs,jorbs,2021-02-08T08:30:00Z
130477934,splenetic_hs,Splenetic_HS,24687283,jorbs,jorbs,2021-02-08T08:29:28Z
62096162,thatunderaverageplayer,ThatUnderAveragePlayer,24687283,jorbs,jorbs,2021-02-08T08:08:31Z
86972205,chill_dj4k,Chill_DJ4K,24687283,jorbs,jorbs,2021-02-08T08:02:32Z
195599774,impulsevita,ImpulseVita,24687283,jorbs,jorbs,2021-02-08T07:38:36Z
210793303,stoopsyshoots,stoopsyshoots,24687283,jorbs,jorbs,2021-02-08T07:37:27Z
145999849,macadamio,macadamio,24687283,jorbs,jorbs,2021-02-08T07:30:59Z
78679518,winter576,Winter576,24687283,jorbs,jorbs,2021-02-08T07:29:47Z
29893349,z1lv3,z1lv3,24687283,jorbs,jorbs,2021-02-08T07:23:35Z
245855092,n0ted117,n0ted117,24687283,jorbs,jorbs,2021-02-08T07:11:30Z
125091196,myrandhir,myrandhir,24687283,jorbs,jorbs,2021-02-08T06:52:06Z
26792446,canaryumbrella,CanaryUmbrella,24687283,jorbs,jorbs,2021-02-08T06:23:24Z
137236749,lolcryomaniac,lolcryomaniac,24687283,jorbs,jorbs,2021-02-08T06:11:46Z
152073126,roku40573,roku40573,24687283,jorbs,jorbs,2021-02-08T06:08:31Z
47297457,mcspacky,Mcspacky,24687283,jorbs,jorbs,2021-02-08T05:50:22Z
502875626,bardokutv,BardokuTV,24687283,jorbs,jorbs,2021-02-08T05:43:01Z
74854651,jaunty411,Jaunty411,24687283,jorbs,jorbs,2021-02-08T05:31:49Z
157069049,lowkeyhuy,lowkeyhuy,24687283,jorbs,jorbs,2021-02-08T05:24:04Z
176138624,automationfor,automationfor,24687283,jorbs,jorbs,2021-02-08T05:21:04Z
93876149,dblbug,dblbug,24687283,jorbs,jorbs,2021-02-08T05:16:14Z
169838151,hardhittaah,HardHittaaH,24687283,jorbs,jorbs,2021-02-08T05:13:55Z
86359107,somnochrome,somnochrome,24687283,jorbs,jorbs,2021-02-08T05:02:11Z
48457849,tozmab,Tozmab,24687283,jorbs,jorbs,2021-02-08T05:02:05Z
550410595,shanehelp,shanehelp,24687283,jorbs,jorbs,2021-02-08T04:55:53Z
108992280,repressedzebra1,RepressedZebra1,24687283,jorbs,jorbs,2021-02-08T04:40:01Z
174072569,arcanocrystal,Arcanocrystal,24687283,jorbs,jorbs,2021-02-08T04:31:53Z
72941507,ozal1ce,ozal1ce,24687283,jorbs,jorbs,2021-02-08T04:26:06Z
444146334,idgafomfglmfao,idgafomfglmfao,24687283,jorbs,jorbs,2021-02-08T04:22:46Z
143069779,wanito,Wanito,24687283,jorbs,jorbs,2021-02-08T04:05:55Z
172570591,mrkardos,mrkardos,24687283,jorbs,jorbs,2021-02-08T03:48:12Z
164888112,slicedown,Slicedown,24687283,jorbs,jorbs,2021-02-08T03:44:24Z
29137526,drayfas,Drayfas,24687283,jorbs,jorbs,2021-02-08T03:43:55Z
484530543,0yoi,0yoi,24687283,jorbs,jorbs,2021-02-08T03:27:13Z
102181206,stonzytv,Stonzytv,24687283,jorbs,jorbs,2021-02-08T03:24:20Z
74982944,elsuperprofe,ElSuperProfe,24687283,jorbs,jorbs,2021-02-08T03:19:08Z
63611763,pingsofthepeople,pingsofthepeople,24687283,jorbs,jorbs,2021-02-08T03:14:17Z
647505347,aapw_97,aapw_97,24687283,jorbs,jorbs,2021-02-08T03:13:13Z
30174909,mrquackerslol,MrQuackerslol,24687283,jorbs,jorbs,2021-02-08T03:02:28Z
26138883,subsubl1me,subSubl1me,24687283,jorbs,jorbs,2021-02-08T02:59:25Z
187923454,vzmuric,vzmuric,24687283,jorbs,jorbs,2021-02-08T02:50:59Z
175381830,lexicondevil_,lexicondevil_,24687283,jorbs,jorbs,2021-02-08T02:07:07Z
50766845,hikier,hikier,24687283,jorbs,jorbs,2021-02-08T02:00:06Z
584485945,timberdemonn,TimberdemoNN,24687283,jorbs,jorbs,2021-02-08T01:59:35Z
82188670,hellsbane80,Hellsbane80,24687283,jorbs,jorbs,2021-02-08T01:55:09Z
21939594,duckdrive86,DuckDrive86,24687283,jorbs,jorbs,2021-02-08T01:53:52Z
23009665,dervishnihil,DervishNihil,24687283,jorbs,jorbs,2021-02-08T01:53:26Z
29816612,keldryn,Keldryn,24687283,jorbs,jorbs,2021-02-08T01:33:15Z
407696129,recursor42,recursor42,24687283,jorbs,jorbs,2021-02-08T01:20:37Z
55694195,matenoia,matenoia,24687283,jorbs,jorbs,2021-02-08T01:05:37Z
59915829,billricardi,billricardi,24687283,jorbs,jorbs,2021-02-08T00:55:51Z
133824113,8diti,8DiTi,24687283,jorbs,jorbs,2021-02-08T00:42:59Z
113876874,dexgrobar,dexgrobar,24687283,jorbs,jorbs,2021-02-08T00:41:44Z
647456467,osana_chan_,osana_chan_,24687283,jorbs,jorbs,2021-02-08T00:09:47Z
647454697,kovac_whichistaken,kovac_whichistaken,24687283,jorbs,jorbs,2021-02-08T00:04:53Z
644666077,2_japzn_sofiya,2_japzn_sofiya,24687283,jorbs,jorbs,2021-02-08T00:03:49Z
647454152,lxvash,lxvash,24687283,jorbs,jorbs,2021-02-08T00:00:14Z
97039759,kaldawins,kaldawins,24687283,jorbs,jorbs,2021-02-07T23:59:34Z
647452860,i_simp_for_anime_charters,i_simp_for_anime_charters,24687283,jorbs,jorbs,2021-02-07T23:56:08Z
647452371,puggo123456789,puggo123456789,24687283,jorbs,jorbs,2021-02-07T23:54:33Z
647451374,lockable_cartridge1,lockable_cartridge1,24687283,jorbs,jorbs,2021-02-07T23:51:06Z
647059703,brekmoven,brekmoven,24687283,jorbs,jorbs,2021-02-07T23:44:36Z
615483778,prohod_newton,prohod_newton,24687283,jorbs,jorbs,2021-02-07T23:40:03Z
647446205,benrahma,benrahma,24687283,jorbs,jorbs,2021-02-07T23:30:25Z
647440523,gamer414870,gamer414870,24687283,jorbs,jorbs,2021-02-07T23:11:54Z
611087451,salinesoiution,salinesoiution,24687283,jorbs,jorbs,2021-02-07T23:11:53Z
647440258,calebjensen1,calebjensen1,24687283,jorbs,jorbs,2021-02-07T23:11:22Z
647437515,beckybogz,beckybogz,24687283,jorbs,jorbs,2021-02-07T23:00:45Z
647433805,chicken_nugget_5289,chicken_nugget_5289,24687283,jorbs,jorbs,2021-02-07T22:57:44Z
76340723,chillajustplay,ChillaJustPlay,24687283,jorbs,jorbs,2021-02-07T22:49:27Z
405563575,tavirawr,TaviRawr,24687283,jorbs,jorbs,2021-02-07T22:49:06Z
647431919,hamzakb01,hamzakb01,24687283,jorbs,jorbs,2021-02-07T22:45:30Z
647427270,random____1,random____1,24687283,jorbs,jorbs,2021-02-07T22:41:20Z
647429114,jimmyswindellsgmail,jimmyswindellsgmail,24687283,jorbs,jorbs,2021-02-07T22:35:10Z
647427177,lexiwinter1,lexiwinter1,24687283,jorbs,jorbs,2021-02-07T22:34:32Z
647427094,iahteyou,iahteyou,24687283,jorbs,jorbs,2021-02-07T22:33:29Z
647428378,matveijaryj,matveijaryj,24687283,jorbs,jorbs,2021-02-07T22:30:53Z
647427411,skb91id,skb91id,24687283,jorbs,jorbs,2021-02-07T22:29:07Z
154974830,funnytimesforfunnyguys,funnytimesforfunnyguys,24687283,jorbs,jorbs,2021-02-07T22:17:53Z
592667226,kateeeeeeeee_,kateeeeeeeee_,24687283,jorbs,jorbs,2021-02-07T22:16:39Z
647422977,golfy627827726,golfy627827726,24687283,jorbs,jorbs,2021-02-07T22:15:01Z
647421635,bomber36542,bomber36542,24687283,jorbs,jorbs,2021-02-07T22:10:45Z
647420818,danielle123love,danielle123love,24687283,jorbs,jorbs,2021-02-07T22:09:05Z
236660422,mashbawttt,mashbawttt,24687283,jorbs,jorbs,2021-02-07T22:08:42Z
45788981,pyrosq,PyroSQ,24687283,jorbs,jorbs,2021-02-07T22:03:53Z
32932352,echo63,Echo63,24687283,jorbs,jorbs,2021-02-07T22:02:32Z
38413261,brokolama,Brokolama,24687283,jorbs,jorbs,2021-02-07T22:01:35Z
504423941,idontknowuss,idontknowuss,24687283,jorbs,jorbs,2021-02-07T21:56:37Z
647416060,awakentgyt,awakentgyt,24687283,jorbs,jorbs,2021-02-07T21:55:24Z
591480793,xaltaxas,Xaltaxas,24687283,jorbs,jorbs,2021-02-07T21:53:14Z
647064281,bolachadearroz,bolachadearroz,24687283,jorbs,jorbs,2021-02-07T21:49:59Z
639045970,ianninja10,ianninja10,24687283,jorbs,jorbs,2021-02-07T21:46:22Z
647411701,the15jd,the15jd,24687283,jorbs,jorbs,2021-02-07T21:46:00Z
647408127,matigofer123456,matigofer123456,24687283,jorbs,jorbs,2021-02-07T21:33:46Z
43744489,narcilus,narcilus,24687283,jorbs,jorbs,2021-02-07T21:17:34Z
647401814,kingsharkoo,kingsharkoo,24687283,jorbs,jorbs,2021-02-07T21:16:10Z
647079183,ahmed_moussa2508,ahmed_moussa2508,24687283,jorbs,jorbs,2021-02-07T21:05:20Z
647393475,aventadorsvjroadster,aventadorsvjroadster,24687283,jorbs,jorbs,2021-02-07T20:57:02Z
647387489,guccicameronc69,guccicameronc69,24687283,jorbs,jorbs,2021-02-07T20:45:46Z
206449583,hoodletv,HOODLETV,24687283,jorbs,jorbs,2021-02-07T20:44:15Z
480758285,danisdigital,danisdigital,24687283,jorbs,jorbs,2021-02-07T20:43:39Z
647385925,mamamorainbow,mamamorainbow,24687283,jorbs,jorbs,2021-02-07T20:36:32Z
157025922,komiker56,komiker56,24687283,jorbs,jorbs,2021-02-07T20:36:05Z
63007325,badburd,BadBurd,24687283,jorbs,jorbs,2021-02-07T18:50:33Z
39727465,denningk,denningk,24687283,jorbs,jorbs,2021-02-07T18:18:39Z
126355591,freddschultz,FreddSchultz,24687283,jorbs,jorbs,2021-02-07T18:15:23Z
54643201,washeranddwyer,WasherAndDwyer,24687283,jorbs,jorbs,2021-02-07T18:01:34Z
26074607,cryogos,Cryogos,24687283,jorbs,jorbs,2021-02-07T17:07:42Z
208889076,lktiley,lktiley,24687283,jorbs,jorbs,2021-02-07T16:08:46Z
647250674,manchildsts,manchildsts,24687283,jorbs,jorbs,2021-02-07T15:07:03Z
108309924,iamfjt,iamfjt,24687283,jorbs,jorbs,2021-02-07T13:16:00Z
117628335,vesperstarr,vesperstarr,24687283,jorbs,jorbs,2021-02-07T13:11:13Z
61534959,specter27,Specter27,24687283,jorbs,jorbs,2021-02-07T12:49:14Z
47369885,levtrinxii,LevTrinXII,24687283,jorbs,jorbs,2021-02-07T12:40:42Z
67611890,pschbb12,피에쓰씨,24687283,jorbs,jorbs,2021-02-07T10:49:10Z
96021665,ovoshman,Ovoshman,24687283,jorbs,jorbs,2021-02-07T10:18:23Z
119035257,tempusvenator,tempusvenator,24687283,jorbs,jorbs,2021-02-07T09:00:13Z
451382072,sirdilbet,SirDilbet,24687283,jorbs,jorbs,2021-02-07T07:56:16Z
232241663,graphicviolins,graphicviolins,24687283,jorbs,jorbs,2021-02-07T07:43:38Z
609135433,beeeses,beeeses,24687283,jorbs,jorbs,2021-02-07T06:51:54Z
533125095,vyruwu,Vyruwu,24687283,jorbs,jorbs,2021-02-07T06:09:58Z
171300769,vadimpruzhanov,VadimPruzhanov,24687283,jorbs,jorbs,2021-02-07T04:29:16Z
647068603,fleetingsheep,fleetingsheep,24687283,jorbs,jorbs,2021-02-07T02:02:04Z
57700990,goldacious,Goldacious,24687283,jorbs,jorbs,2021-02-07T01:04:24Z
121796929,rawpwn,RAWPWN,24687283,jorbs,jorbs,2021-02-07T00:08:15Z
157653277,tomycrab,tomycrab,24687283,jorbs,jorbs,2021-02-07T00:03:56Z
195262225,niechcic,Niechcic,24687283,jorbs,jorbs,2021-02-06T23:20:59Z
195560776,vongolealvapore,vongolealvapore,24687283,jorbs,jorbs,2021-02-06T23:18:20Z
53406816,zouuek_,zouuek_,24687283,jorbs,jorbs,2021-02-06T22:45:36Z
610712308,imnuckingfoob,ImNuckingFoob,24687283,jorbs,jorbs,2021-02-06T22:17:11Z
646929853,sneckobeko,sneckobeko,24687283,jorbs,jorbs,2021-02-06T21:36:26Z
177551223,4amdonuts,4AMDonuts,24687283,jorbs,jorbs,2021-02-06T21:21:14Z
224852652,applemandude,applemandude,24687283,jorbs,jorbs,2021-02-06T21:13:25Z
43106682,tkrustle,tkRustle,24687283,jorbs,jorbs,2021-02-06T20:36:48Z
632522648,merricatb,merricatb,24687283,jorbs,jorbs,2021-02-06T20:36:41Z
79085195,lung000000,lung000000,24687283,jorbs,jorbs,2021-02-06T20:27:50Z
609302812,yoggsarontheunpredictable,yoggsarontheunpredictable,24687283,jorbs,jorbs,2021-02-06T20:26:56Z
91616625,bookius,Bookius,24687283,jorbs,jorbs,2021-02-06T20:17:21Z
132391049,jocelm,jocelm,24687283,jorbs,jorbs,2021-02-06T20:10:30Z
63188132,dxnxex,Dxnxex,24687283,jorbs,jorbs,2021-02-06T20:07:18Z
179524995,linkam_,linkAM_,24687283,jorbs,jorbs,2021-02-06T20:06:14Z
49088841,morinus,Morinus,24687283,jorbs,jorbs,2021-02-06T19:56:47Z
86368714,iiiliss,Iiiliss,24687283,jorbs,jorbs,2021-02-06T19:44:49Z
84412420,nicchu1997,nicchu1997,24687283,jorbs,jorbs,2021-02-06T19:43:33Z
50684962,lopad97,lopad97,24687283,jorbs,jorbs,2021-02-06T19:26:25Z
558318188,massiveblackhole2,massiveblackhole2,24687283,jorbs,jorbs,2021-02-06T19:22:51Z
92377894,edonos,edonos,24687283,jorbs,jorbs,2021-02-06T19:21:20Z
49222201,lokio991,Lokio991,24687283,jorbs,jorbs,2021-02-06T19:15:29Z
20640546,licid,Licid,24687283,jorbs,jorbs,2021-02-06T19:15:20Z
176838070,issacchun1990,issacchun1990,24687283,jorbs,jorbs,2021-02-06T19:12:12Z
39244118,ereth322,Ereth322,24687283,jorbs,jorbs,2021-02-06T19:04:30Z
156007670,gergelim2201200,Gergelim2201200,24687283,jorbs,jorbs,2021-02-06T18:59:09Z
67905357,i_am_bakaaa,i_am_bakaaa,24687283,jorbs,jorbs,2021-02-06T18:50:27Z
203329950,morganagrom1,morganagrom1,24687283,jorbs,jorbs,2021-02-06T18:49:33Z
135878661,salihzzz,salihzzz,24687283,jorbs,jorbs,2021-02-06T18:47:03Z
29047159,salyir,Salyir,24687283,jorbs,jorbs,2021-02-06T18:45:11Z
182277243,q01649681,q01649681,24687283,jorbs,jorbs,2021-02-06T18:44:58Z
108117546,cjboooosh,cjboooosh,24687283,jorbs,jorbs,2021-02-06T18:40:50Z
157755269,chaosvii_,chaosvii_,24687283,jorbs,jorbs,2021-02-06T18:40:46Z
85046380,fleib,Fleib,24687283,jorbs,jorbs,2021-02-06T18:40:28Z
132657358,monkeyman6938,monkeyman6938,24687283,jorbs,jorbs,2021-02-06T18:28:05Z
24419139,macaqued,Macaqued,24687283,jorbs,jorbs,2021-02-06T18:21:29Z
106114033,mathiasx21,mathiasx21,24687283,jorbs,jorbs,2021-02-06T18:21:21Z
646804015,charlestonw,charlestonw,24687283,jorbs,jorbs,2021-02-06T18:15:41Z
452302509,myvariablename,myvariablename,24687283,jorbs,jorbs,2021-02-06T18:11:53Z
61868862,x3n0gears,x3n0gears,24687283,jorbs,jorbs,2021-02-06T18:09:22Z
424554863,snowblu,SnowBlu,24687283,jorbs,jorbs,2021-02-06T18:01:03Z
214217406,mildew_sampler,mildew_sampler,24687283,jorbs,jorbs,2021-02-06T17:54:09Z
425140134,worldrunnerhigh,worldrunnerhigh,24687283,jorbs,jorbs,2021-02-06T17:53:09Z
36475277,touchingpriests,Touchingpriests,24687283,jorbs,jorbs,2021-02-06T17:49:09Z
96299025,hos_zn,hos_zn,24687283,jorbs,jorbs,2021-02-06T17:47:59Z
490030333,feelsbadman5181,feelsbadman5181,24687283,jorbs,jorbs,2021-02-06T17:38:50Z
122195632,pedrobiagioni,pedrobiagioni,24687283,jorbs,jorbs,2021-02-06T17:37:34Z
95720288,mattyboix,MattyBoix,24687283,jorbs,jorbs,2021-02-06T17:20:37Z
645408133,lunaticbeans,lunaticbeans,24687283,jorbs,jorbs,2021-02-06T17:16:57Z
129436796,leodurlevant,Leodurlevant,24687283,jorbs,jorbs,2021-02-06T17:05:48Z
39884944,the_mv7,the_mv7,24687283,jorbs,jorbs,2021-02-06T17:03:07Z
53706655,nesquesters,NESQuesters,24687283,jorbs,jorbs,2021-02-06T17:00:54Z
98168308,hcm8080,Hcm8080,24687283,jorbs,jorbs,2021-02-06T16:58:01Z
38748159,pawlo_o,pawlo_o,24687283,jorbs,jorbs,2021-02-06T16:53:04Z
547479803,samueljkramer,samueljkramer,24687283,jorbs,jorbs,2021-02-06T16:43:22Z
159504057,stolenrogue,StolenRogue,24687283,jorbs,jorbs,2021-02-06T16:42:03Z
23590261,rf3ng,rf3ng,24687283,jorbs,jorbs,2021-02-06T16:41:38Z
517133009,warchase0,warchase0,24687283,jorbs,jorbs,2021-02-06T16:29:50Z
45371989,siks_,Siks_,24687283,jorbs,jorbs,2021-02-06T16:21:11Z
26006634,skyismygf,skyismygf,24687283,jorbs,jorbs,2021-02-06T16:19:06Z
95064200,belford21,belford21,24687283,jorbs,jorbs,2021-02-06T16:13:53Z
255380908,richbadatgame,richbadatgame,24687283,jorbs,jorbs,2021-02-06T15:52:41Z
166012631,fr0zenarttt,fr0zenarttt,24687283,jorbs,jorbs,2021-02-06T15:50:27Z
501611218,fnyk001,fnyk001,24687283,jorbs,jorbs,2021-02-06T15:08:27Z
487017957,blazing_apath,Blazing_Apath,24687283,jorbs,jorbs,2021-02-06T14:45:36Z
92447754,lukebarnett0000,Lukebarnett0000,24687283,jorbs,jorbs,2021-02-06T12:50:06Z
646702590,morbus86,morbus86,24687283,jorbs,jorbs,2021-02-06T11:40:02Z
646715360,illlililiiilll,illlililiiilll,24687283,jorbs,jorbs,2021-02-06T09:44:44Z
582222339,zephin1,zephin1,24687283,jorbs,jorbs,2021-02-06T09:35:56Z
187119333,protoxication,Protoxication,24687283,jorbs,jorbs,2021-02-06T08:32:27Z
144304377,molnsnor,molnsnor,24687283,jorbs,jorbs,2021-02-06T07:56:45Z
510112556,frostbittenkitten22,frostbittenkitten22,24687283,jorbs,jorbs,2021-02-06T07:48:50Z
121894694,niplequake,niplequake,24687283,jorbs,jorbs,2021-02-06T07:13:36Z
85819573,xelanader,xelanader,24687283,jorbs,jorbs,2021-02-06T05:23:40Z
125223375,shumway9,shumway9,24687283,jorbs,jorbs,2021-02-06T05:12:44Z
207141070,baconmccord,baconmccord,24687283,jorbs,jorbs,2021-02-06T05:00:47Z
176641395,technoraptor72,technoraptor72,24687283,jorbs,jorbs,2021-02-06T04:25:35Z
24457238,grilledcheesesandies,GrilledCheeseSandies,24687283,jorbs,jorbs,2021-02-06T04:06:57Z
24407325,fettsvett201,fettsvett201,24687283,jorbs,jorbs,2021-02-06T03:20:29Z
81832521,knucklesuppers,Knucklesuppers,24687283,jorbs,jorbs,2021-02-06T02:45:52Z
633183688,glassjabberwocky,GlassJabberwocky,24687283,jorbs,jorbs,2021-02-06T02:37:37Z
49979397,freeharold,FreeHarold,24687283,jorbs,jorbs,2021-02-06T02:33:34Z
42175652,ghoulfreight,ghoulfreight,24687283,jorbs,jorbs,2021-02-06T02:23:58Z
100280955,ch0mpster_22,Ch0mpster_22,24687283,jorbs,jorbs,2021-02-06T02:19:07Z
71241943,asockmonky,asockmonky,24687283,jorbs,jorbs,2021-02-06T01:58:40Z
143689817,amersenne,amersenne,24687283,jorbs,jorbs,2021-02-06T01:24:45Z
433289308,bigpapidanimal,BigPapiDanimal,24687283,jorbs,jorbs,2021-02-06T00:52:25Z
131010740,albrina123,albrina123,24687283,jorbs,jorbs,2021-02-05T23:38:25Z
65083411,asilentorchestra,asilentorchestra,24687283,jorbs,jorbs,2021-02-05T23:08:15Z
55430094,wizardcud_,wizardcud_,24687283,jorbs,jorbs,2021-02-05T21:57:32Z
102987885,laurieowo,LaurieOwO,24687283,jorbs,jorbs,2021-02-05T21:46:58Z
57204593,shandoo01,ShandoO01,24687283,jorbs,jorbs,2021-02-05T21:40:20Z
22994055,jubear720,jubear720,24687283,jorbs,jorbs,2021-02-05T20:29:32Z
86063574,wash_ow,wash_ow,24687283,jorbs,jorbs,2021-02-05T19:57:54Z
556904581,zrlck212781,zrlck212781,24687283,jorbs,jorbs,2021-02-05T18:47:33Z
93294849,mr_dingmon,Mr_Dingmon,24687283,jorbs,jorbs,2021-02-05T18:04:39Z
38969790,marshmallum,Marshmallum,24687283,jorbs,jorbs,2021-02-05T17:46:58Z
94098848,elctric77,Elctric77,24687283,jorbs,jorbs,2021-02-05T17:42:25Z
624471654,thrill90326,thrill90326,24687283,jorbs,jorbs,2021-02-05T17:32:02Z
101509740,ryusetzu,Ryusetzu,24687283,jorbs,jorbs,2021-02-05T16:59:57Z
196541603,duodora,duodora,24687283,jorbs,jorbs,2021-02-05T16:37:01Z
192697456,talonmalon,talonmalon,24687283,jorbs,jorbs,2021-02-05T16:21:56Z
169591412,saintinigo,SaintInigo,24687283,jorbs,jorbs,2021-02-05T15:53:25Z
533836502,kaktus5310,kaktus5310,24687283,jorbs,jorbs,2021-02-05T15:51:11Z
454708172,typicaldesi,typicaldesi,24687283,jorbs,jorbs,2021-02-05T15:08:24Z
153313324,veenxt,veenxt,24687283,jorbs,jorbs,2021-02-05T15:07:01Z
171480848,asd241838,asd241838,24687283,jorbs,jorbs,2021-02-05T13:56:30Z
121554499,beefsupreme01,beefsupreme01,24687283,jorbs,jorbs,2021-02-05T13:43:45Z
30736853,tyson070,Tyson070,24687283,jorbs,jorbs,2021-02-05T10:15:26Z
79339245,tgmonkseal,TGMonkSeal,24687283,jorbs,jorbs,2021-02-05T09:49:42Z
522218779,zelemister,zelemister,24687283,jorbs,jorbs,2021-02-05T09:06:49Z
85984319,argavarga,Argavarga,24687283,jorbs,jorbs,2021-02-05T08:36:02Z
30367240,lambeausport9,lambeausport9,24687283,jorbs,jorbs,2021-02-05T06:46:34Z
81069007,jaybear77,jaybear77,24687283,jorbs,jorbs,2021-02-05T06:41:54Z
153773086,smoked_gouda,smoked_gouda,24687283,jorbs,jorbs,2021-02-05T06:10:34Z
176081830,teknosaurus952,Teknosaurus952,24687283,jorbs,jorbs,2021-02-05T05:41:24Z
41574923,larzbarz,larzbarz,24687283,jorbs,jorbs,2021-02-05T05:19:32Z
145900584,chaosbrigade666,chaosbrigade666,24687283,jorbs,jorbs,2021-02-05T04:49:52Z
101326138,africkincatbun,africkincatbun,24687283,jorbs,jorbs,2021-02-05T04:48:02Z
77884041,crazycanuck428,crazycanuck428,24687283,jorbs,jorbs,2021-02-05T04:40:35Z
593073584,charcharu,CharCharu,24687283,jorbs,jorbs,2021-02-05T04:35:57Z
468117039,bojo101,bojo101,24687283,jorbs,jorbs,2021-02-05T03:48:47Z
37457691,biffboy,biffboy,24687283,jorbs,jorbs,2021-02-05T03:40:28Z
32789326,brawlguy,brawlguy,24687283,jorbs,jorbs,2021-02-05T03:37:31Z
35075359,eutectic,eutectic,24687283,jorbs,jorbs,2021-02-05T03:24:54Z
29160490,mezmor,Mezmor,24687283,jorbs,jorbs,2021-02-05T03:11:15Z
110367413,mancake88,Mancake88,24687283,jorbs,jorbs,2021-02-05T02:58:43Z
40110532,rubinix,Rubinix,24687283,jorbs,jorbs,2021-02-05T02:49:50Z
45126752,warlual,warlual,24687283,jorbs,jorbs,2021-02-05T02:19:17Z
57146462,jmquinn,jmquinn,24687283,jorbs,jorbs,2021-02-05T01:54:59Z
86983538,kevfox9769,Kevfox9769,24687283,jorbs,jorbs,2021-02-05T01:45:52Z
646056305,grumbusforbids,GrumbusForbids,24687283,jorbs,jorbs,2021-02-05T01:45:17Z
53930790,reeeeeegs,reeeeeegs,24687283,jorbs,jorbs,2021-02-05T01:40:35Z
130768649,unsetup,unsetup,24687283,jorbs,jorbs,2021-02-05T01:36:00Z
44664166,thepurplespider,ThePurpleSpider,24687283,jorbs,jorbs,2021-02-05T01:24:12Z
87029886,senseimontecristo,senseimontecristo,24687283,jorbs,jorbs,2021-02-05T01:18:25Z
609121671,s9j7314hg48,s9j7314hg48,24687283,jorbs,jorbs,2021-02-05T01:08:35Z
131462305,bahbkarns,BAHBkarns,24687283,jorbs,jorbs,2021-02-05T01:08:32Z
165704020,alchemy_god,Alchemy_God,24687283,jorbs,jorbs,2021-02-05T01:08:13Z
12499313,scopeynz,ScopeyNZ,24687283,jorbs,jorbs,2021-02-05T01:04:16Z
211074873,rionightshift,rionightshift,24687283,jorbs,jorbs,2021-02-05T00:59:42Z
195802636,youngandrew,youngandrew,24687283,jorbs,jorbs,2021-02-05T00:58:52Z
86192557,tooziehs,tooziehs,24687283,jorbs,jorbs,2021-02-05T00:55:41Z
159315208,tokey_bear96,Tokey_bear96,24687283,jorbs,jorbs,2021-02-05T00:32:03Z
119730028,a_press,a_Press,24687283,jorbs,jorbs,2021-02-05T00:30:09Z
29813606,dangitdrbob,DangitDrBob,24687283,jorbs,jorbs,2021-02-05T00:27:49Z
55979151,nullport,nullport,24687283,jorbs,jorbs,2021-02-05T00:26:01Z
27697179,stabile98,stabile98,24687283,jorbs,jorbs,2021-02-05T00:23:39Z
474593859,fqsho,Fqsho,24687283,jorbs,jorbs,2021-02-05T00:16:28Z
510535827,jhyn_,jhyn_,24687283,jorbs,jorbs,2021-02-05T00:15:00Z
93893204,harmless_,Harmless_,24687283,jorbs,jorbs,2021-02-05T00:13:56Z
45011150,pizzamancer33,Pizzamancer33,24687283,jorbs,jorbs,2021-02-05T00:11:28Z
75094859,cidx1210,Cidx1210,24687283,jorbs,jorbs,2021-02-05T00:10:37Z
51142387,lymus_,Lymus_,24687283,jorbs,jorbs,2021-02-05T00:10:36Z
150126912,tazwyn_,tazwyn_,24687283,jorbs,jorbs,2021-02-05T00:09:46Z
78914670,bonnie_bear,Bonnie_Bear,24687283,jorbs,jorbs,2021-02-05T00:05:11Z
498969494,aquariusmyth,aquariusmyth,24687283,jorbs,jorbs,2021-02-05T00:03:48Z
184363037,xshadew,XShadew,24687283,jorbs,jorbs,2021-02-05T00:01:51Z
604336723,foodizmylife20,foodizmylife20,24687283,jorbs,jorbs,2021-02-05T00:01:12Z
564063117,katietallard,katietallard,24687283,jorbs,jorbs,2021-02-05T00:00:26Z
165497612,jerryc31,jerryc31,24687283,jorbs,jorbs,2021-02-04T23:59:40Z
182586469,clugsgoons,Clugsgoons,24687283,jorbs,jorbs,2021-02-04T23:59:33Z
22401358,davidrozwod,Davidrozwod,24687283,jorbs,jorbs,2021-02-04T23:59:24Z
142556068,maris_art,Maris_Art,24687283,jorbs,jorbs,2021-02-04T23:59:15Z
504527184,rachelgreenfriends13,rachelgreenfriends13,24687283,jorbs,jorbs,2021-02-04T23:59:13Z
194250614,drew_bz,drew_bz,24687283,jorbs,jorbs,2021-02-04T23:59:13Z
609411063,hello_unfaithful_world,hello_unfaithful_world,24687283,jorbs,jorbs,2021-02-04T23:59:12Z
592218461,watermelonesay,watermelonesay,24687283,jorbs,jorbs,2021-02-04T23:59:04Z
603094586,meosisseoyo,meosisseoyo,24687283,jorbs,jorbs,2021-02-04T23:59:03Z
639818988,xsarah94,xsarah94,24687283,jorbs,jorbs,2021-02-04T23:58:59Z
43149109,paperacid,PaperAcid,24687283,jorbs,jorbs,2021-02-04T23:58:57Z
597713174,plutoanimationstudios,plutoanimationstudios,24687283,jorbs,jorbs,2021-02-04T23:58:56Z
147659339,victxria21,victxria21,24687283,jorbs,jorbs,2021-02-04T23:58:53Z
29932557,pk_nounours,pk_nounours,24687283,jorbs,jorbs,2021-02-04T23:57:12Z
159564279,aavetar,Aavetar,24687283,jorbs,jorbs,2021-02-04T23:48:18Z
98660406,japanese_joke,Japanese_Joke,24687283,jorbs,jorbs,2021-02-04T23:48:11Z
185615426,skayame,Skayame,24687283,jorbs,jorbs,2021-02-04T23:37:38Z
204750961,selou8,selou8,24687283,jorbs,jorbs,2021-02-04T23:15:02Z
32399294,wunderchef,WunderChef,24687283,jorbs,jorbs,2021-02-04T23:04:11Z
469201606,kissa_ry,kissa_ry,24687283,jorbs,jorbs,2021-02-04T23:01:06Z
81851544,ollytree,Ollytree,24687283,jorbs,jorbs,2021-02-04T22:56:15Z
98217161,eggxhole,Eggxhole,24687283,jorbs,jorbs,2021-02-04T22:35:33Z
231212574,zhandlen,ZHandlen,24687283,jorbs,jorbs,2021-02-04T22:28:02Z
49533979,rbstepmasterx,RBstepmasterx,24687283,jorbs,jorbs,2021-02-04T22:24:01Z
59809754,bahdkarma,Bahdkarma,24687283,jorbs,jorbs,2021-02-04T22:09:05Z
42025989,feniur,feniur,24687283,jorbs,jorbs,2021-02-04T22:08:50Z
499999047,unleash_the_giraffe,Unleash_The_Giraffe,24687283,jorbs,jorbs,2021-02-04T22:00:30Z
35858641,gatefir,Gatefir,24687283,jorbs,jorbs,2021-02-04T21:51:02Z
21688727,crucialityfactor,crucialityfactor,24687283,jorbs,jorbs,2021-02-04T20:55:12Z
89095111,niteshiftrio,NiteshiftRio,24687283,jorbs,jorbs,2021-02-04T20:05:13Z
192931689,wanderingshadow639,WanderingShadow639,24687283,jorbs,jorbs,2021-02-04T18:01:15Z
36948015,alexdiede,alexdiede,24687283,jorbs,jorbs,2021-02-04T16:57:58Z
42018846,watereddownvodka,WateredDownVodka,24687283,jorbs,jorbs,2021-02-04T15:57:06Z
151199101,novaygo,novaygo,24687283,jorbs,jorbs,2021-02-04T15:10:07Z
495128128,mislz,mislz,24687283,jorbs,jorbs,2021-02-04T14:55:15Z
597904993,miketheark,miketheark,24687283,jorbs,jorbs,2021-02-04T14:33:50Z
43444900,ironwoody777,IronWoody777,24687283,jorbs,jorbs,2021-02-04T13:39:42Z
22468426,mrthedegroot,mrthedegroot,24687283,jorbs,jorbs,2021-02-04T11:48:25Z
216268138,sayazan,sayazan,24687283,jorbs,jorbs,2021-02-04T11:19:42Z
111144296,atreides89,atreides89,24687283,jorbs,jorbs,2021-02-04T10:31:47Z
54165203,phosphophyllite524,phosphophyllite524,24687283,jorbs,jorbs,2021-02-04T08:10:32Z
645308238,ultchimera,ultchimera,24687283,jorbs,jorbs,2021-02-04T06:51:12Z
34319263,dreamwyz,Dreamwyz,24687283,jorbs,jorbs,2021-02-04T06:50:29Z
265896850,darealtijl,darealtijl,24687283,jorbs,jorbs,2021-02-04T06:50:22Z
38333070,imonfire_,ImOnFire_,24687283,jorbs,jorbs,2021-02-04T06:11:59Z
568544161,manchild1990,manchild1990,24687283,jorbs,jorbs,2021-02-04T05:39:50Z
31694430,granti7,granti7,24687283,jorbs,jorbs,2021-02-04T04:52:52Z
144470871,vrocknroll,vrocknroll,24687283,jorbs,jorbs,2021-02-04T04:47:55Z
132753791,odzaepher,odzaepher,24687283,jorbs,jorbs,2021-02-04T04:46:36Z
24819961,onefunallowed,onefunallowed,24687283,jorbs,jorbs,2021-02-04T04:36:10Z
21550371,skellt,Skellt,24687283,jorbs,jorbs,2021-02-04T04:34:53Z
41541931,atares15,Atares15,24687283,jorbs,jorbs,2021-02-04T04:32:14Z
645696392,kingcobra_b,kingcobra_b,24687283,jorbs,jorbs,2021-02-04T04:31:16Z
72073379,beegdoor,beegdoor,24687283,jorbs,jorbs,2021-02-04T04:30:56Z
189982700,ultimatejaja,ultimatejaja,24687283,jorbs,jorbs,2021-02-04T03:57:14Z
403080000,tetsuryouken,tetsuryouken,24687283,jorbs,jorbs,2021-02-04T03:47:46Z
645674021,hackerwithoutacause,hackerwithoutacause,24687283,jorbs,jorbs,2021-02-04T03:15:03Z
535001361,ohmonitor,OhMonitor,24687283,jorbs,jorbs,2021-02-04T02:53:06Z
268793145,niicku97,niicku97,24687283,jorbs,jorbs,2021-02-04T02:42:05Z
31617856,bpots13,bpots13,24687283,jorbs,jorbs,2021-02-04T02:28:39Z
544640021,valencia_o,valencia_o,24687283,jorbs,jorbs,2021-02-04T02:22:12Z
44651372,swagyoda,swagyoda,24687283,jorbs,jorbs,2021-02-04T02:20:46Z
620594058,greenflatcap,greenflatcap,24687283,jorbs,jorbs,2021-02-04T02:13:14Z
136432065,loko_lance,loko_lance,24687283,jorbs,jorbs,2021-02-04T02:05:41Z
106746136,kev_lsh,kev_lsh,24687283,jorbs,jorbs,2021-02-04T02:00:41Z
50988435,slaxtime,slaxtime,24687283,jorbs,jorbs,2021-02-04T01:55:53Z
92779342,kalantax,kalantax,24687283,jorbs,jorbs,2021-02-04T01:53:49Z
491158649,rajkorajek,rajkorajek,24687283,jorbs,jorbs,2021-02-04T01:53:23Z
94927194,mokethewoke,mokethewoke,24687283,jorbs,jorbs,2021-02-04T01:44:49Z
163627018,spidaminkey,spidaminkey,24687283,jorbs,jorbs,2021-02-04T01:32:21Z
86925358,proximity111,Proximity111,24687283,jorbs,jorbs,2021-02-04T01:31:19Z
53088540,light098,Light098,24687283,jorbs,jorbs,2021-02-04T01:28:42Z
645647043,thisisnotatest7,thisisnotatest7,24687283,jorbs,jorbs,2021-02-04T01:26:03Z
538257970,aquiline,aquiline,24687283,jorbs,jorbs,2021-02-04T01:10:56Z
124487237,tijoe,Tijoe,24687283,jorbs,jorbs,2021-02-04T00:57:51Z
44201237,haze_storm,Haze_Storm,24687283,jorbs,jorbs,2021-02-04T00:41:20Z
530830260,chungusgoodmeme,chungusgoodmeme,24687283,jorbs,jorbs,2021-02-04T00:33:53Z
641244910,callmenighthawk4,callmenighthawk4,24687283,jorbs,jorbs,2021-02-04T00:24:17Z
120046203,smalldiickrick,smalldiickrick,24687283,jorbs,jorbs,2021-02-04T00:22:47Z
645625241,possibilityspace,possibilityspace,24687283,jorbs,jorbs,2021-02-04T00:18:26Z
110442687,angrycrane,angrycrane,24687283,jorbs,jorbs,2021-02-04T00:17:27Z
71155495,gryphonan,GryphonAN,24687283,jorbs,jorbs,2021-02-04T00:16:55Z
578342645,grumpypantz222,grumpypantz222,24687283,jorbs,jorbs,2021-02-04T00:10:56Z
98753661,mergytroid,Mergytroid,24687283,jorbs,jorbs,2021-02-04T00:07:05Z
645623748,bobbyperu00,bobbyperu00,24687283,jorbs,jorbs,2021-02-04T00:03:04Z
509278531,craftyj12345,craftyj12345,24687283,jorbs,jorbs,2021-02-03T23:59:23Z
47364589,hey_scotty,Hey_Scotty,24687283,jorbs,jorbs,2021-02-03T23:56:54Z
477418062,maximilian742,maximilian742,24687283,jorbs,jorbs,2021-02-03T23:53:56Z
39763907,medu7a,medu7a,24687283,jorbs,jorbs,2021-02-03T23:41:03Z
42544259,hotsoup_,HotSoup_,24687283,jorbs,jorbs,2021-02-03T23:40:13Z
19875482,amonamarthz,amonamarthz,24687283,jorbs,jorbs,2021-02-03T23:29:13Z
102509542,moistwaterr,moistwaterr,24687283,jorbs,jorbs,2021-02-03T23:28:36Z
71754968,takiko337,Takiko337,24687283,jorbs,jorbs,2021-02-03T23:23:35Z
46370228,jokerfan1337,Jokerfan1337,24687283,jorbs,jorbs,2021-02-03T23:17:31Z
139820842,cskaterb,cskaterb,24687283,jorbs,jorbs,2021-02-03T23:12:50Z
243730706,sed_no_one,sed_no_one,24687283,jorbs,jorbs,2021-02-03T22:43:18Z
235898751,kayumi4,kayumi4,24687283,jorbs,jorbs,2021-02-03T21:30:01Z
506873057,amracer2001,amracer2001,24687283,jorbs,jorbs,2021-02-03T21:13:23Z
108684116,hirogashu_gaming,Hirogashu_Gaming,24687283,jorbs,jorbs,2021-02-03T20:59:14Z
26769792,misterdave75,Misterdave75,24687283,jorbs,jorbs,2021-02-03T18:51:45Z
95562288,jack_formarly_hoff,jack_formarly_hoff,24687283,jorbs,jorbs,2021-02-03T18:51:25Z
41338301,banterturtle,banterturtle,24687283,jorbs,jorbs,2021-02-03T18:49:46Z
126754609,princessbutthole,PrincessButthole,24687283,jorbs,jorbs,2021-02-03T18:47:22Z
515455546,h3amster,h3amster,24687283,jorbs,jorbs,2021-02-03T18:21:22Z
108226041,godwatchesanime,GodWatchesAnime,24687283,jorbs,jorbs,2021-02-03T17:34:09Z
43506441,jorjay177,jorjay177,24687283,jorbs,jorbs,2021-02-03T17:33:58Z
153771331,cilalic,cilalic,24687283,jorbs,jorbs,2021-02-03T17:10:40Z
171902456,dek2299,dek2299,24687283,jorbs,jorbs,2021-02-03T15:40:16Z
95452501,zeinikuman,Zeinikuman,24687283,jorbs,jorbs,2021-02-03T14:40:06Z
51150973,sharkyy_bh,sharkyy_bh,24687283,jorbs,jorbs,2021-02-03T13:12:24Z
139460089,twitchrudd,twitchrudd,24687283,jorbs,jorbs,2021-02-03T13:12:18Z
189827935,lkcha,lkcha,24687283,jorbs,jorbs,2021-02-03T12:50:17Z
86856288,mew2mi,mew2mi,24687283,jorbs,jorbs,2021-02-03T11:10:25Z
167792847,samylehusky,SamyLeHusky,24687283,jorbs,jorbs,2021-02-03T10:09:46Z
70714688,gubsl,gubsl,24687283,jorbs,jorbs,2021-02-03T07:28:36Z
641094181,bushton,bushton,24687283,jorbs,jorbs,2021-02-03T06:44:30Z
435339500,zakidunes,zakidunes,24687283,jorbs,jorbs,2021-02-03T06:07:02Z
457137232,iamtoast3434,iamtoast3434,24687283,jorbs,jorbs,2021-02-03T05:09:53Z
600664228,qi_cha,qi_cha,24687283,jorbs,jorbs,2021-02-03T05:04:34Z
645301410,stephunde,stephunde,24687283,jorbs,jorbs,2021-02-03T04:47:03Z
263842080,mcrage60,mcrage60,24687283,jorbs,jorbs,2021-02-03T03:47:50Z
26331065,themightyquagsire,themightyquagsire,24687283,jorbs,jorbs,2021-02-03T03:39:16Z
52625389,johnthecontrarian,JohntheContrarian,24687283,jorbs,jorbs,2021-02-03T03:09:40Z
118675260,bodegajustice,BodegaJustice,24687283,jorbs,jorbs,2021-02-03T03:07:02Z
91473647,gainfull,Gainfull,24687283,jorbs,jorbs,2021-02-03T02:10:36Z
50930146,fentyr,fentyr,24687283,jorbs,jorbs,2021-02-03T02:06:02Z
548198565,houseplanthunny,houseplanthunny,24687283,jorbs,jorbs,2021-02-03T00:31:45Z
43529158,nightka,nightka,24687283,jorbs,jorbs,2021-02-03T00:29:06Z
140462219,bigfleet,bigfleet,24687283,jorbs,jorbs,2021-02-02T23:39:05Z
107681134,tsevasa,tsevasa,24687283,jorbs,jorbs,2021-02-02T23:29:31Z
68657551,umbert1,Umbert1,24687283,jorbs,jorbs,2021-02-02T23:11:50Z
70429956,shadak,Shadak,24687283,jorbs,jorbs,2021-02-02T22:43:38Z
42983444,bywcio,Bywcio,24687283,jorbs,jorbs,2021-02-02T20:44:49Z
179883151,meechli,meechli,24687283,jorbs,jorbs,2021-02-02T20:07:05Z
31324446,beelzebubbin,Beelzebubbin,24687283,jorbs,jorbs,2021-02-02T19:59:35Z
73143372,roocey,roocey,24687283,jorbs,jorbs,2021-02-02T19:50:18Z
441571189,baeblaydes,baeblaydes,24687283,jorbs,jorbs,2021-02-02T19:47:22Z
439564548,divine_worm,divine_worm,24687283,jorbs,jorbs,2021-02-02T19:41:34Z
147730943,launchservicesd,launchservicesd,24687283,jorbs,jorbs,2021-02-02T19:39:51Z
172646423,tsubusare,つぶされ,24687283,jorbs,jorbs,2021-02-02T19:31:11Z
181027363,selkie210,selkie210,24687283,jorbs,jorbs,2021-02-02T18:36:16Z
174208007,nicoagote,nicoagote,24687283,jorbs,jorbs,2021-02-02T17:47:48Z
645092241,discountshrimp,discountshrimp,24687283,jorbs,jorbs,2021-02-02T17:41:37Z
258851861,xevenis,xevenis,24687283,jorbs,jorbs,2021-02-02T16:57:49Z
56966654,llesor,Llesor,24687283,jorbs,jorbs,2021-02-02T16:55:44Z
49379319,sheepinhotspring,Sheepinhotspring,24687283,jorbs,jorbs,2021-02-02T16:19:26Z
645046472,ipiranga1822,ipiranga1822,24687283,jorbs,jorbs,2021-02-02T15:15:54Z
175626804,regularreadablename,RegularReadableName,24687283,jorbs,jorbs,2021-02-02T15:13:47Z
618585516,jixad3l2,jixad3l2,24687283,jorbs,jorbs,2021-02-02T14:56:03Z
46756292,ellery_c,Ellery_C,24687283,jorbs,jorbs,2021-02-02T12:20:44Z
